policy,fraction,cumulative_gain,centered_qini,unit,sample_scope
response,0.0,0.0,0.0,incremental_conversions_per_test_row,held_out_test
response,0.009999674661997053,0.0005467865595741813,0.0005356731338203698,incremental_conversions_per_test_row,held_out_test
response,0.01999970683828306,0.0007077380904437265,0.000685510841602326,incremental_conversions_per_test_row,held_out_test
response,0.029999739014569066,0.0007750348977759151,0.0007416938258469257,incremental_conversions_per_test_row,held_out_test
response,0.03999977119085507,0.0008507438060246299,0.0008062889110080515,incremental_conversions_per_test_row,held_out_test
response,0.04999980336714108,0.0009035998401167864,0.000848031122012619,incremental_conversions_per_test_row,held_out_test
response,0.05999983554342708,0.0009191622268123497,0.0008524796856205933,incremental_conversions_per_test_row,held_out_test
response,0.06999986771971309,0.0009533714372062128,0.0008755750729268675,incremental_conversions_per_test_row,held_out_test
response,0.0799998998959991,0.000984075605551525,0.0008951654181845908,incremental_conversions_per_test_row,held_out_test
response,0.0899999320722851,0.000995852546834657,0.0008958285363801339,incremental_conversions_per_test_row,held_out_test
response,0.0999999642485711,0.0010095923116649785,0.0008984544781228664,incremental_conversions_per_test_row,held_out_test
response,0.10999999642485711,0.001026276311816084,0.000904024655186383,incremental_conversions_per_test_row,held_out_test
response,0.11999967108685416,0.00103763264805339,0.0009042675656698773,incremental_conversions_per_test_row,held_out_test
response,0.12999970326314017,0.001056139270069743,0.0009116603645986415,incremental_conversions_per_test_row,held_out_test
response,0.13999973543942618,0.001053195034748957,0.0008976023061902666,incremental_conversions_per_test_row,held_out_test
response,0.14999976761571218,0.0010471663624254449,0.0008804598107791655,incremental_conversions_per_test_row,held_out_test
response,0.1599997997919982,0.0010475869674712694,0.000869766592737401,incremental_conversions_per_test_row,held_out_test
response,0.1699998319682842,0.0010523538246572988,0.0008634196268358415,incremental_conversions_per_test_row,held_out_test
response,0.1799998641445702,0.0010607659255738226,0.0008607179046647764,incremental_conversions_per_test_row,held_out_test
response,0.1899998963208562,0.0010679162113528679,0.0008567543673562326,incremental_conversions_per_test_row,held_out_test
response,0.1999999284971422,0.0010724026651750137,0.0008501269980907895,incremental_conversions_per_test_row,held_out_test
response,0.20999996067342822,0.0010816559761831906,0.0008482664860113775,incremental_conversions_per_test_row,held_out_test
response,0.21999999284971422,0.0010869836400969892,0.0008424803268375872,incremental_conversions_per_test_row,held_out_test
response,0.22999966751171128,0.0010869836400969884,0.0008313669010837747,incremental_conversions_per_test_row,held_out_test
response,0.23999969968799728,0.0010843198081400874,0.0008175892460392848,incremental_conversions_per_test_row,held_out_test
response,0.2499997318642833,0.0010817961778651292,0.0008039517926767376,incremental_conversions_per_test_row,held_out_test
response,0.2599997640405693,0.001082076581229013,0.0007931183729530326,incremental_conversions_per_test_row,held_out_test
response,0.26999979621685527,0.0010791323459082285,0.0007790603145446591,incremental_conversions_per_test_row,held_out_test
response,0.2799998283931413,0.0010789921442262858,0.0007678062897751275,incremental_conversions_per_test_row,held_out_test
response,0.2899998605694273,0.001082777589638722,0.0007604779120999747,incremental_conversions_per_test_row,held_out_test
response,0.2999998927457133,0.00108333839636649,0.0007499248957401538,incremental_conversions_per_test_row,held_out_test
response,0.3099999249219993,0.0010846002115039687,0.0007400728877900435,incremental_conversions_per_test_row,held_out_test
response,0.3199999570982853,0.0010836187997303737,0.0007279776529288595,incremental_conversions_per_test_row,held_out_test
response,0.3299999892745713,0.0010853012199136785,0.0007185462500245755,incremental_conversions_per_test_row,held_out_test
response,0.3399996639365684,0.001089927875417767,0.0007120594797748524,incremental_conversions_per_test_row,held_out_test
response,0.34999969611285436,0.0010917504972830137,0.00070276827855251,incremental_conversions_per_test_row,held_out_test
response,0.3599997282891404,0.0010910494888733031,0.0006909534470552106,incremental_conversions_per_test_row,held_out_test
response,0.3699997604654264,0.0010924515056927235,0.0006812416407870421,incremental_conversions_per_test_row,held_out_test
response,0.3799997926417124,0.001093292715784376,0.0006709690277911056,incremental_conversions_per_test_row,held_out_test
response,0.3899998248179984,0.0010938535225121441,0.0006604160114312848,incremental_conversions_per_test_row,held_out_test
response,0.3999998569942844,0.0010967977578329278,0.0006522464236644794,incremental_conversions_per_test_row,held_out_test
response,0.4099998891705704,0.0011001625981995374,0.0006444974409435002,incremental_conversions_per_test_row,held_out_test
response,0.41999992134685643,0.0010962369511051588,0.0006294579707615325,incremental_conversions_per_test_row,held_out_test
response,0.4299999535231424,0.0010946947326037958,0.0006168019291725806,incremental_conversions_per_test_row,held_out_test
response,0.43999998569942844,0.001093993724194085,0.0006049870976752809,incremental_conversions_per_test_row,held_out_test
response,0.44999966036142547,0.0010948349342857376,0.0005947148820131219,incremental_conversions_per_test_row,held_out_test
response,0.4599996925377115,0.0010921711023288375,0.0005809372269686329,incremental_conversions_per_test_row,held_out_test
response,0.4699997247139975,0.00109301231242049,0.0005706646139726965,incremental_conversions_per_test_row,held_out_test
response,0.4799997568902835,0.001091890698964953,0.0005584291774295705,incremental_conversions_per_test_row,held_out_test
response,0.4899997890665695,0.0010939937241940842,0.0005494183795711127,incremental_conversions_per_test_row,held_out_test
response,0.4999998212428555,0.0010949751359676785,0.0005392859682571181,incremental_conversions_per_test_row,held_out_test
response,0.5099998534191416,0.0010970781611968096,0.0005302751703986602,incremental_conversions_per_test_row,held_out_test
response,0.5199998855954275,0.0010987605813801147,0.0005208437674943763,incremental_conversions_per_test_row,held_out_test
response,0.5299999177717135,0.0011025460267925506,0.0005135153898192233,incremental_conversions_per_test_row,held_out_test
response,0.5399999499479995,0.0011026862284744924,0.0005025417684135763,incremental_conversions_per_test_row,held_out_test
response,0.5499999821242856,0.0011060510688411023,0.0004947927856925971,incremental_conversions_per_test_row,held_out_test
response,0.5599996567862826,0.0011068922789327547,0.0004845205700304379,incremental_conversions_per_test_row,held_out_test
response,0.5699996889625686,0.0011081540940702335,0.00047466856208032773,incremental_conversions_per_test_row,held_out_test
response,0.5799997211388546,0.001109415909207712,0.00046481655413021746,incremental_conversions_per_test_row,held_out_test
response,0.5899997533151407,0.0011102571192993646,0.00045454394113428093,incremental_conversions_per_test_row,held_out_test
response,0.5999997854914266,0.0011102571192993646,0.00044343011804669197,incremental_conversions_per_test_row,held_out_test
response,0.6099998176677126,0.0011102571192993646,0.0004323162949591031,incremental_conversions_per_test_row,held_out_test
response,0.6199998498439986,0.0011091355058438278,0.0004200808584159774,incremental_conversions_per_test_row,held_out_test
response,0.6299998820202847,0.0011080138923882908,0.0004078454218728513,incremental_conversions_per_test_row,held_out_test
response,0.6399999141965707,0.0011060510688411015,0.00039476877523807316,incremental_conversions_per_test_row,held_out_test
response,0.6499999463728566,0.0011060510688411015,0.0003836549521504842,incremental_conversions_per_test_row,held_out_test
response,0.6599999785491426,0.001106892278932754,0.0003733823391545479,incremental_conversions_per_test_row,held_out_test
response,0.6699996532111397,0.0011061912705230433,0.0003615679049910254,incremental_conversions_per_test_row,held_out_test
response,0.6799996853874257,0.0011070324806146958,0.0003512952919950891,incremental_conversions_per_test_row,held_out_test
response,0.6899997175637117,0.0011082942957521744,0.0003414432840449787,incremental_conversions_per_test_row,held_out_test
response,0.6999997497399977,0.0011059108671591588,0.0003279460323643743,incremental_conversions_per_test_row,held_out_test
response,0.7099997819162838,0.001106331472204985,0.0003172528143226115,incremental_conversions_per_test_row,held_out_test
response,0.7199998140925697,0.0011056304637952743,0.0003054379828253118,incremental_conversions_per_test_row,held_out_test
response,0.7299998462688557,0.0011064716738869269,0.00029516536982937547,incremental_conversions_per_test_row,held_out_test
response,0.7399998784451417,0.0011064716738869269,0.0002840515467417865,incremental_conversions_per_test_row,held_out_test
response,0.7499999106214278,0.0011073128839785794,0.00027377893374585,incremental_conversions_per_test_row,held_out_test
response,0.7599999427977138,0.0011089953041618843,0.00026434753084156597,incremental_conversions_per_test_row,held_out_test
response,0.7699999749739997,0.001110257119299363,0.0002544955228914558,incremental_conversions_per_test_row,held_out_test
response,0.7799996496359968,0.001109135505843826,0.00024226048368210728,incremental_conversions_per_test_row,held_out_test
response,0.7899996818122829,0.0011099767159354786,0.00023198787068617074,incremental_conversions_per_test_row,held_out_test
response,0.7999997139885688,0.001110817926027131,0.0002217152576902342,incremental_conversions_per_test_row,held_out_test
response,0.8099997461648548,0.001110817926027131,0.00021060143460264525,incremental_conversions_per_test_row,held_out_test
response,0.8199997783411408,0.0011112385310729572,0.00019990821656088256,incremental_conversions_per_test_row,held_out_test
response,0.8299998105174269,0.0011116591361187834,0.00018921499851911987,incremental_conversions_per_test_row,held_out_test
response,0.8399998426937129,0.0011096963125715941,0.0001761383518843416,incremental_conversions_per_test_row,held_out_test
response,0.8499998748699988,0.0011101169176174204,0.0001654451338425789,incremental_conversions_per_test_row,held_out_test
response,0.8599999070462848,0.0011101169176174204,0.00015433131075499006,incremental_conversions_per_test_row,held_out_test
response,0.8699999392225709,0.0011101169176174204,0.000143217487667401,incremental_conversions_per_test_row,held_out_test
response,0.8799999713988569,0.0011105375226632466,0.0001325242696256384,incremental_conversions_per_test_row,held_out_test
response,0.8899996460608539,0.0011109581277090727,0.00012183144891765281,incremental_conversions_per_test_row,held_out_test
response,0.8999996782371399,0.001111378732754899,0.00011113823087589023,incremental_conversions_per_test_row,held_out_test
response,0.909999710413426,0.001111378732754899,0.00010002440778830116,incremental_conversions_per_test_row,held_out_test
response,0.919999742589712,0.001107032480614694,8.456433256050742e-05,incremental_conversions_per_test_row,held_out_test
response,0.9299997747659979,0.0011074530856605203,7.387111451874462e-05,incremental_conversions_per_test_row,held_out_test
response,0.9399998069422839,0.0011078736907063466,6.317789647698204e-05,incremental_conversions_per_test_row,held_out_test
response,0.94999983911857,0.0011087149007979991,5.2905283481045505e-05,incremental_conversions_per_test_row,held_out_test
response,0.959999871294856,0.0011108179260271302,4.3894485622587767e-05,incremental_conversions_per_test_row,held_out_test
response,0.969999903471142,0.0011116591361187826,3.362187262665123e-05,incremental_conversions_per_test_row,held_out_test
response,0.9799999356474279,0.0011120797411646088,2.292865458488843e-05,incremental_conversions_per_test_row,held_out_test
response,0.989999967823714,0.001110958127709072,1.0693218041762584e-05,incremental_conversions_per_test_row,held_out_test
response,1.0,0.0011113787327548983,0.0,incremental_conversions_per_test_row,held_out_test
t_learner,0.0,0.0,0.0,incremental_conversions_per_test_row,held_out_test
t_learner,0.009999674661997053,0.0005134185592719555,0.0005023051335181442,incremental_conversions_per_test_row,held_out_test
t_learner,0.01999970683828306,0.0005978199718011105,0.0005755927229597104,incremental_conversions_per_test_row,held_out_test
t_learner,0.029999739014569066,0.000678996745645593,0.0006456556737166042,incremental_conversions_per_test_row,held_out_test
t_learner,0.03999977119085507,0.0007284879393711587,0.0006840330443545811,incremental_conversions_per_test_row,held_out_test
t_learner,0.04999980336714108,0.0007712494523634898,0.0007156807342593235,incremental_conversions_per_test_row,held_out_test
t_learner,0.05999983554342708,0.0007813439734633119,0.0007146614322715569,incremental_conversions_per_test_row,held_out_test
t_learner,0.06999986771971309,0.000817656209086307,0.0007398598448069634,incremental_conversions_per_test_row,held_out_test
t_learner,0.0799998998959991,0.0008518654194801718,0.0007629552321132394,incremental_conversions_per_test_row,held_out_test
t_learner,0.0899999320722851,0.0008584548985314464,0.0007584308880769253,incremental_conversions_per_test_row,held_out_test
t_learner,0.0999999642485711,0.0008755595037283775,0.0007644216701862676,incremental_conversions_per_test_row,held_out_test
t_learner,0.10999999642485711,0.00089672995770163,0.0007744783010719314,incremental_conversions_per_test_row,held_out_test
t_learner,0.11999967108685416,0.0008950475375183219,0.000761682455134812,incremental_conversions_per_test_row,held_out_test
t_learner,0.12999970326314017,0.0008996741930224088,0.0007551952875513101,incremental_conversions_per_test_row,held_out_test
t_learner,0.13999973543942618,0.0009080862939389326,0.0007524935653802451,incremental_conversions_per_test_row,held_out_test
t_learner,0.14999976761571218,0.0009104697225319465,0.0007437631708856703,incremental_conversions_per_test_row,held_out_test
t_learner,0.1599997997919982,0.0009127129494430187,0.0007348925747091538,incremental_conversions_per_test_row,held_out_test
t_learner,0.1699998319682842,0.0009099089158041752,0.0007209747179827215,incremental_conversions_per_test_row,held_out_test
t_learner,0.1799998641445702,0.000916077789809626,0.0007160297689005836,incremental_conversions_per_test_row,held_out_test
t_learner,0.1899998963208562,0.0009138345628985514,0.0007026727189019203,incremental_conversions_per_test_row,held_out_test
t_learner,0.1999999284971422,0.0009115913359874776,0.0006893156689032579,incremental_conversions_per_test_row,held_out_test
t_learner,0.20999996067342822,0.0009163581931735079,0.0006829687030016994,incremental_conversions_per_test_row,held_out_test
t_learner,0.21999999284971422,0.0009157973864457391,0.0006712940731863419,incremental_conversions_per_test_row,held_out_test
t_learner,0.22999966751171128,0.0009156571847637966,0.0006600404457505879,incremental_conversions_per_test_row,held_out_test
t_learner,0.23999969968799728,0.0009195828318581744,0.000652852269757377,incremental_conversions_per_test_row,held_out_test
t_learner,0.2499997318642833,0.0009179004116748687,0.0006400560264864827,incremental_conversions_per_test_row,held_out_test
t_learner,0.2599997640405693,0.0009247702940900301,0.0006358120858140553,incremental_conversions_per_test_row,held_out_test
t_learner,0.26999979621685527,0.0009274341260469293,0.0006273620946833658,incremental_conversions_per_test_row,held_out_test
t_learner,0.2799998283931413,0.0009291165462302342,0.000617930691779082,incremental_conversions_per_test_row,held_out_test
t_learner,0.2899998605694273,0.0009293969495941178,0.0006070972720553769,incremental_conversions_per_test_row,held_out_test
t_learner,0.2999998927457133,0.0009340236050982063,0.0006006101044718766,incremental_conversions_per_test_row,held_out_test
t_learner,0.3099999249219993,0.0009373884454648162,0.0005928611217508979,incremental_conversions_per_test_row,held_out_test
t_learner,0.3199999570982853,0.0009383698572384105,0.0005827287104369033,incremental_conversions_per_test_row,held_out_test
t_learner,0.3299999892745713,0.0009352854202356843,0.0005685304503465884,incremental_conversions_per_test_row,held_out_test
t_learner,0.3399996639365684,0.0009341638067801474,0.0005562954111372402,incremental_conversions_per_test_row,held_out_test
t_learner,0.34999969611285436,0.0009340236050982047,0.0005450413863677088,incremental_conversions_per_test_row,held_out_test
t_learner,0.3599997282891404,0.0009348648151898572,0.0005347687733717726,incremental_conversions_per_test_row,held_out_test
t_learner,0.3699997604654264,0.0009369678404189883,0.0005257579755133149,incremental_conversions_per_test_row,held_out_test
t_learner,0.3799997926417124,0.0009394914706939457,0.0005171677827006836,incremental_conversions_per_test_row,held_out_test
t_learner,0.3899998248179984,0.0009372482437828719,0.0005038107327020212,incremental_conversions_per_test_row,held_out_test
t_learner,0.3999998569942844,0.0009369678404189876,0.000492416506250548,incremental_conversions_per_test_row,held_out_test
t_learner,0.4099998891705704,0.0009390708656481187,0.0004834057083920904,incremental_conversions_per_test_row,held_out_test
t_learner,0.41999992134685643,0.0009407532858314236,0.0004739743054878066,incremental_conversions_per_test_row,held_out_test
t_learner,0.4299999535231424,0.0009436975211522072,0.0004658047177210014,incremental_conversions_per_test_row,held_out_test
t_learner,0.43999998569942844,0.0009434171177883228,0.00045441049126952835,incremental_conversions_per_test_row,held_out_test
t_learner,0.44999966036142547,0.0009459407480632802,0.0004458206957906744,incremental_conversions_per_test_row,held_out_test
t_learner,0.4599996925377115,0.00094930558842989,0.00043807171306969536,incremental_conversions_per_test_row,held_out_test
t_learner,0.4699997247139975,0.0009490251850660055,0.00042667748661822226,incremental_conversions_per_test_row,held_out_test
t_learner,0.4799997568902835,0.0009519694203867892,0.00041850789885141716,incremental_conversions_per_test_row,held_out_test
t_learner,0.4899997890665695,0.0009536518405700941,0.0004090764959471334,incremental_conversions_per_test_row,held_out_test
t_learner,0.4999998212428555,0.000955334260753399,0.0003996450930428495,incremental_conversions_per_test_row,held_out_test
t_learner,0.5099998534191416,0.0009565960758908777,0.00038979308509273943,incremental_conversions_per_test_row,held_out_test
t_learner,0.5199998855954275,0.0009574372859825302,0.0003795204720968032,incremental_conversions_per_test_row,held_out_test
t_learner,0.5299999177717135,0.0009574372859825302,0.0003684066490092145,incremental_conversions_per_test_row,held_out_test
t_learner,0.5399999499479995,0.000955895067481167,0.0003557506074202627,incremental_conversions_per_test_row,held_out_test
t_learner,0.5499999821242856,0.0009547734540256301,0.00034351517087713695,incremental_conversions_per_test_row,held_out_test
t_learner,0.5599996567862826,0.000953231235524267,0.0003308595266219625,incremental_conversions_per_test_row,held_out_test
t_learner,0.5699996889625686,0.000953231235524267,0.00031974570353437385,incremental_conversions_per_test_row,held_out_test
t_learner,0.5799997211388546,0.0009536518405700933,0.00030905248549261137,incremental_conversions_per_test_row,held_out_test
t_learner,0.5899997533151407,0.000951689017022904,0.0002959758388578332,incremental_conversions_per_test_row,held_out_test
t_learner,0.5999997854914266,0.0009529508321603826,0.00028612383090772327,incremental_conversions_per_test_row,held_out_test
t_learner,0.6099998176677126,0.0009546332523436876,0.0002766924280034395,incremental_conversions_per_test_row,held_out_test
t_learner,0.6199998498439986,0.000952249823750672,0.00026319517632283516,incremental_conversions_per_test_row,held_out_test
t_learner,0.6299998820202847,0.0009526704287964982,0.0002525019582810726,incremental_conversions_per_test_row,held_out_test
t_learner,0.6399999141965707,0.0009519694203867875,0.0002406871267837732,incremental_conversions_per_test_row,held_out_test
t_learner,0.6499999463728566,0.00095281063047844,0.0002304145137878369,incremental_conversions_per_test_row,held_out_test
t_learner,0.6599999785491426,0.0009532312355242662,0.00021972129574607453,incremental_conversions_per_test_row,held_out_test
t_learner,0.6699996532111397,0.0009536518405700925,0.00020902847503808937,incremental_conversions_per_test_row,held_out_test
t_learner,0.6799996853874257,0.0009553342607533973,0.00019959707213380547,incremental_conversions_per_test_row,held_out_test
t_learner,0.6899997175637117,0.0009570166809367023,0.0001901656692295218,incremental_conversions_per_test_row,held_out_test
t_learner,0.6999997497399977,0.0009554744624353391,0.0001775096276405699,incremental_conversions_per_test_row,held_out_test
t_learner,0.7099997819162838,0.0009563156725269917,0.00016723701464463358,incremental_conversions_per_test_row,held_out_test
t_learner,0.7199998140925697,0.0009571568826186441,0.00015696440164869737,incremental_conversions_per_test_row,held_out_test
t_learner,0.7299998462688557,0.0009575774876644704,0.0001462711836069349,incremental_conversions_per_test_row,held_out_test
t_learner,0.7399998784451417,0.0009575774876644704,0.00013515736051934615,incremental_conversions_per_test_row,held_out_test
t_learner,0.7499999106214278,0.0009584186977561228,0.00012488474752340984,incremental_conversions_per_test_row,held_out_test
t_learner,0.7599999427977138,0.0009564558742089335,0.00011180810088863178,incremental_conversions_per_test_row,held_out_test
t_learner,0.7699999749739997,0.0009564558742089335,0.00010069427780104304,incremental_conversions_per_test_row,held_out_test
t_learner,0.7799996496359968,0.0009564558742089335,8.958085204723183e-05,incremental_conversions_per_test_row,held_out_test
t_learner,0.7899996818122829,0.0009564558742089335,7.846702895964299e-05,incremental_conversions_per_test_row,held_out_test
t_learner,0.7999997139885688,0.0009568764792547596,6.77738109178804e-05,incremental_conversions_per_test_row,held_out_test
t_learner,0.8099997461648548,0.0009572970843005859,5.7080592876118034e-05,incremental_conversions_per_test_row,held_out_test
t_learner,0.8199997783411408,0.0009577176893464122,4.638737483435556e-05,incremental_conversions_per_test_row,held_out_test
t_learner,0.8299998105174269,0.0009577176893464122,3.527355174676671e-05,incremental_conversions_per_test_row,held_out_test
t_learner,0.8399998426937129,0.0009537920422520334,2.0234081564799345e-05,incremental_conversions_per_test_row,held_out_test
t_learner,0.8499998748699988,0.0009542126472978597,9.540863523036869e-06,incremental_conversions_per_test_row,held_out_test
t_learner,0.8599999070462848,0.0009550538573895121,-7.317494728994491e-07,incremental_conversions_per_test_row,held_out_test
t_learner,0.8699999392225709,0.0009563156725269908,-1.0583757423009502e-05,incremental_conversions_per_test_row,held_out_test
t_learner,0.8799999713988569,0.0009575774876644695,-2.0435765373119446e-05,incremental_conversions_per_test_row,held_out_test
t_learner,0.8899996460608539,0.000958418697756122,-3.070798103527834e-05,incremental_conversions_per_test_row,held_out_test
t_learner,0.8999996782371399,0.0009568764792547589,-4.3364022624230126e-05,incremental_conversions_per_test_row,held_out_test
t_learner,0.909999710413426,0.0009572970843005851,-5.405724066599271e-05,incremental_conversions_per_test_row,held_out_test
t_learner,0.919999742589712,0.0009598207145755425,-6.264743347862397e-05,incremental_conversions_per_test_row,held_out_test
t_learner,0.9299997747659979,0.0009544930506617424,-7.90889204800129e-05,incremental_conversions_per_test_row,held_out_test
t_learner,0.9399998069422839,0.0009556146641172786,-8.90811301120654e-05,incremental_conversions_per_test_row,held_out_test
t_learner,0.94999983911857,0.0009498663951576523,-0.0001059432221592805,incremental_conversions_per_test_row,held_out_test
t_learner,0.959999871294856,0.0009563156725269876,-0.00011060776787753389,incremental_conversions_per_test_row,held_out_test
t_learner,0.969999903471142,0.0009579980927102916,-0.00012003917078181865,incremental_conversions_per_test_row,held_out_test
t_learner,0.9799999356474279,0.0009665503953087565,-0.00012260069127094245,incremental_conversions_per_test_row,held_out_test
t_learner,0.989999967823714,0.00097986955509325,-0.0001203953545740378,incremental_conversions_per_test_row,held_out_test
t_learner,1.0,0.0011113787327548764,0.0,incremental_conversions_per_test_row,held_out_test
dr_learner,0.0,0.0,0.0,incremental_conversions_per_test_row,held_out_test
dr_learner,0.009999674661997053,0.00037952595301724067,0.000368412527263429,incremental_conversions_per_test_row,held_out_test
dr_learner,0.01999970683828306,0.00048383600438217314,0.0004616087555407725,incremental_conversions_per_test_row,held_out_test
dr_learner,0.029999739014569066,0.0005560398705823606,0.0005226987986533709,incremental_conversions_per_test_row,held_out_test
dr_learner,0.03999977119085507,0.0006342724091060599,0.0005898175140894811,incremental_conversions_per_test_row,held_out_test
dr_learner,0.04999980336714108,0.0006342724091060602,0.0005787036910018924,incremental_conversions_per_test_row,held_out_test
dr_learner,0.05999983554342708,0.0006311879721033345,0.0005645054309115778,incremental_conversions_per_test_row,held_out_test
dr_learner,0.06999986771971309,0.0006383382578823818,0.000560541893603036,incremental_conversions_per_test_row,held_out_test
dr_learner,0.0799998998959991,0.0006388990646101506,0.0005499888772432157,incremental_conversions_per_test_row,held_out_test
dr_learner,0.0899999320722851,0.0006421237032948193,0.0005420996928402954,incremental_conversions_per_test_row,held_out_test
dr_learner,0.0999999642485711,0.0006515172159849402,0.0005403793824428273,incremental_conversions_per_test_row,held_out_test
dr_learner,0.10999999642485711,0.0006503956025294039,0.0005281439458997019,incremental_conversions_per_test_row,held_out_test
dr_learner,0.11999967108685416,0.0006492739890738675,0.0005159089066903539,incremental_conversions_per_test_row,held_out_test
dr_learner,0.12999970326314017,0.0006485729806641574,0.0005040940751930549,incremental_conversions_per_test_row,held_out_test
dr_learner,0.13999973543942618,0.0006550222580334943,0.0004994295294748027,incremental_conversions_per_test_row,held_out_test
dr_learner,0.14999976761571218,0.000652919232804363,0.0004862126811580823,incremental_conversions_per_test_row,held_out_test
dr_learner,0.1599997997919982,0.0006621725438125419,0.00048435216907867225,incremental_conversions_per_test_row,held_out_test
dr_learner,0.1699998319682842,0.0006621725438125422,0.0004732383459910835,incremental_conversions_per_test_row,held_out_test
dr_learner,0.1799998641445702,0.0006652569808152686,0.00046520895990622075,incremental_conversions_per_test_row,held_out_test
dr_learner,0.1899998963208562,0.0006660981909069215,0.0004549363469102847,incremental_conversions_per_test_row,held_out_test
dr_learner,0.1999999284971422,0.0006680610144541112,0.0004457853473698853,incremental_conversions_per_test_row,held_out_test
dr_learner,0.20999996067342822,0.0006743700901415059,0.000440980599969691,incremental_conversions_per_test_row,held_out_test
dr_learner,0.21999999284971422,0.0006771741237803482,0.00043267081052094427,incremental_conversions_per_test_row,held_out_test
dr_learner,0.22999966751171128,0.0006718464598665486,0.0004162297208533331,incremental_conversions_per_test_row,held_out_test
dr_learner,0.23999969968799728,0.0006707248464110123,0.0004039942843102077,incremental_conversions_per_test_row,held_out_test
dr_learner,0.2499997318642833,0.0006775947288261754,0.00039975034363778184,incremental_conversions_per_test_row,held_out_test
dr_learner,0.2599997640405693,0.000682081182648323,0.00039312297437234033,incremental_conversions_per_test_row,held_out_test
dr_learner,0.26999979621685527,0.0006781555355539446,0.0003780835041903729,incremental_conversions_per_test_row,held_out_test
dr_learner,0.2799998283931413,0.0006847450146052237,0.000373559160154063,incremental_conversions_per_test_row,held_out_test
dr_learner,0.2899998605694273,0.0006823615860122084,0.00036006190847345874,incremental_conversions_per_test_row,held_out_test
dr_learner,0.2999998927457133,0.0006932973172036924,0.00035988381657735366,incremental_conversions_per_test_row,held_out_test
dr_learner,0.3099999249219993,0.000700868208028566,0.0003563408843146383,incremental_conversions_per_test_row,held_out_test
dr_learner,0.3199999570982853,0.0007054948635326557,0.0003498537167311389,incremental_conversions_per_test_row,held_out_test
dr_learner,0.3299999892745713,0.000708018493807614,0.00034126352391850815,incremental_conversions_per_test_row,held_out_test
dr_learner,0.3399996639365684,0.0007113833341742248,0.0003335149385313073,incremental_conversions_per_test_row,held_out_test
dr_learner,0.34999969611285436,0.000714187367813067,0.00032520514908256055,incremental_conversions_per_test_row,held_out_test
dr_learner,0.3599997282891404,0.0007182532165893883,0.00031815717477129277,incremental_conversions_per_test_row,held_out_test
dr_learner,0.3699997604654264,0.0007227396704115358,0.0003115298055058512,incremental_conversions_per_test_row,held_out_test
dr_learner,0.3799997926417124,0.0007283477376892201,0.0003060240496959465,incremental_conversions_per_test_row,held_out_test
dr_learner,0.3899998248179984,0.0007390030655168184,0.00030556555443595585,incremental_conversions_per_test_row,held_out_test
dr_learner,0.3999998569942844,0.0007418070991556594,0.00029725576498720776,incremental_conversions_per_test_row,held_out_test
dr_learner,0.4099998891705704,0.0007493779899805315,0.0002937128327244909,incremental_conversions_per_test_row,held_out_test
dr_learner,0.41999992134685643,0.0007509202084818938,0.0002841412281382641,incremental_conversions_per_test_row,held_out_test
dr_learner,0.4299999535231424,0.0007594725110803602,0.00028157970764914144,incremental_conversions_per_test_row,held_out_test
dr_learner,0.43999998569942844,0.000761855939673375,0.0002728493131545672,incremental_conversions_per_test_row,held_out_test
dr_learner,0.44999966036142547,0.0007687258220885364,0.00026860576981591706,incremental_conversions_per_test_row,held_out_test
dr_learner,0.4599996925377115,0.0007732122759106823,0.0002619784005504739,incremental_conversions_per_test_row,held_out_test
dr_learner,0.4699997247139975,0.0007720906624551447,0.0002497429640073472,incremental_conversions_per_test_row,held_out_test
dr_learner,0.4799997568902835,0.0007737730826384488,0.00024031156110306223,incremental_conversions_per_test_row,held_out_test
dr_learner,0.4899997890665695,0.0007810635700994364,0.00023648822547646094,incremental_conversions_per_test_row,held_out_test
dr_learner,0.4999998212428555,0.0007883540575604242,0.00023266488984985964,incremental_conversions_per_test_row,held_out_test
dr_learner,0.5099998534191416,0.0007948033349297595,0.00022800034413160582,incremental_conversions_per_test_row,held_out_test
dr_learner,0.5199998855954275,0.0007977475702505422,0.00021983075636479964,incremental_conversions_per_test_row,held_out_test
dr_learner,0.5299999177717135,0.0008062998728490086,0.00021726923587567692,incremental_conversions_per_test_row,held_out_test
dr_learner,0.5399999499479995,0.0008106461249892127,0.0002105016649282921,incremental_conversions_per_test_row,held_out_test
dr_learner,0.5499999821242856,0.0008166747973127217,0.0002054165141642119,incremental_conversions_per_test_row,held_out_test
dr_learner,0.5599996567862826,0.0008222828645904045,0.00019991115568808318,incremental_conversions_per_test_row,held_out_test
dr_learner,0.5699996889625686,0.0008197592343154463,0.00018627370232553587,incremental_conversions_per_test_row,held_out_test
dr_learner,0.5799997211388546,0.0008228436713181717,0.00017824431624067236,incremental_conversions_per_test_row,held_out_test
dr_learner,0.5899997533151407,0.0008250868982292439,0.00016937372006415533,incremental_conversions_per_test_row,held_out_test
dr_learner,0.5999997854914266,0.0008283115369139111,0.00016148453566123362,incremental_conversions_per_test_row,held_out_test
dr_learner,0.6099998176677126,0.0008343402092374201,0.00015639938489715353,incremental_conversions_per_test_row,held_out_test
dr_learner,0.6199998498439986,0.0008379854529679136,0.00014893080554005808,incremental_conversions_per_test_row,held_out_test
dr_learner,0.6299998820202847,0.0008456965454747275,0.00014552807495928294,incremental_conversions_per_test_row,held_out_test
dr_learner,0.6399999141965707,0.0008578940918036881,0.0001466117982006545,incremental_conversions_per_test_row,held_out_test
dr_learner,0.6499999463728566,0.0008623805456258341,0.00013998442893521147,incremental_conversions_per_test_row,held_out_test
dr_learner,0.6599999785491426,0.0008643433691730225,0.00013083342939481084,incremental_conversions_per_test_row,held_out_test
dr_learner,0.6699996532111397,0.0008587353018953382,0.00011411193636331487,incremental_conversions_per_test_row,held_out_test
dr_learner,0.6799996853874257,0.0008643433691730209,0.00010860618055340851,incremental_conversions_per_test_row,held_out_test
dr_learner,0.6899997175637117,0.0008599971170328152,9.31461053256139e-05,incremental_conversions_per_test_row,held_out_test
dr_learner,0.6999997497399977,0.0008658855876743824,8.792075287959202e-05,incremental_conversions_per_test_row,held_out_test
dr_learner,0.7099997819162838,0.0008650443775827291,7.596571970034966e-05,incremental_conversions_per_test_row,held_out_test
dr_learner,0.7199998140925697,0.0008670072011299177,6.681472015994915e-05,incremental_conversions_per_test_row,held_out_test
dr_learner,0.7299998462688557,0.0008762605121380948,6.495420808053727e-05,incremental_conversions_per_test_row,held_out_test
dr_learner,0.7399998784451417,0.0008836912012810242,6.127107413587778e-05,incremental_conversions_per_test_row,held_out_test
dr_learner,0.7499999106214278,0.0008800459575505292,4.651200731779358e-05,incremental_conversions_per_test_row,held_out_test
dr_learner,0.7599999427977138,0.0008814479743699488,3.680020104962424e-05,incremental_conversions_per_test_row,held_out_test
dr_learner,0.7699999749739997,0.0008907012853781259,3.493968897021226e-05,incremental_conversions_per_test_row,held_out_test
dr_learner,0.7799996496359968,0.0008958887476099825,2.901372544825728e-05,incremental_conversions_per_test_row,held_out_test
dr_learner,0.7899996818122829,0.0009028988317070858,2.4909986457771413e-05,incremental_conversions_per_test_row,held_out_test
dr_learner,0.7999997139885688,0.0009138345628985677,2.4731894561664386e-05,incremental_conversions_per_test_row,held_out_test
dr_learner,0.8099997461648548,0.0009157973864457562,1.5580895021263873e-05,incremental_conversions_per_test_row,held_out_test
dr_learner,0.8199997783411408,0.0009194426301762496,8.112315664168313e-06,incremental_conversions_per_test_row,held_out_test
dr_learner,0.8299998105174269,0.0009167787982193488,-5.665339380321664e-06,incremental_conversions_per_test_row,held_out_test
dr_learner,0.8399998426937129,0.0009218260587692636,-1.1731901917995868e-05,incremental_conversions_per_test_row,held_out_test
dr_learner,0.8499998748699988,0.0009282753361385988,-1.6396447636249584e-05,incremental_conversions_per_test_row,held_out_test
dr_learner,0.8599999070462848,0.0009334627983704554,-2.2322808491982097e-05,incremental_conversions_per_test_row,held_out_test
dr_learner,0.8699999392225709,0.0009348648151898751,-3.2034614760151434e-05,incremental_conversions_per_test_row,held_out_test
dr_learner,0.8799999713988569,0.0009421553026508628,-3.5857950386752836e-05,incremental_conversions_per_test_row,held_out_test
dr_learner,0.8899996460608539,0.0009470623615188349,-4.206431727259239e-05,incremental_conversions_per_test_row,held_out_test
dr_learner,0.8999996782371399,0.0009507076052493284,-4.953289662968773e-05,incremental_conversions_per_test_row,held_out_test
dr_learner,0.909999710413426,0.0009530910338423431,-5.8263291124262305e-05,incremental_conversions_per_test_row,held_out_test
dr_learner,0.919999742589712,0.0009469221598368898,-7.554598821730442e-05,incremental_conversions_per_test_row,held_out_test
dr_learner,0.9299997747659979,0.0009480437732924259,-8.553819784935736e-05,incremental_conversions_per_test_row,held_out_test
dr_learner,0.9399998069422839,0.0009594001095297341,-8.529568469963823e-05,incremental_conversions_per_test_row,held_out_test
dr_learner,0.94999983911857,0.0009550538573895284,-0.00010075575992743305,incremental_conversions_per_test_row,held_out_test
dr_learner,0.959999871294856,0.00095589506748118,-0.00011102837292337046,incremental_conversions_per_test_row,held_out_test
dr_learner,0.969999903471142,0.0009623443448505153,-0.00011569291864162406,incremental_conversions_per_test_row,held_out_test
dr_learner,0.9799999356474279,0.0009640267650338194,-0.00012512432154590904,incremental_conversions_per_test_row,held_out_test
dr_learner,0.989999967823714,0.0009678122104462547,-0.0001324526992210628,incremental_conversions_per_test_row,held_out_test
dr_learner,1.0,0.0011113787327549066,0.0,incremental_conversions_per_test_row,held_out_test
